Predictor variable,Categorical,Sample average
bio1,false,245.95294117647057
bio15,false,31.41176470588235
bio16,false,947.6588235294117
bio2,false,31.48235294117647
bio3,false,61.96470588235294
bio4,false,577.2823529411764
bio5,false,271.6941176470588
bio6,false,221.74117647058824
biasfile,false,0.0037742476023541875
