Predictor variable,Categorical,Sample average
bio1,false,246.30232558139534
bio15,false,31.11627906976744
bio16,false,947.7209302325581
bio2,false,31.523255813953487
bio3,false,62.0
bio4,false,582.2558139534884
bio5,false,272.27906976744185
bio6,false,221.9418604651163
biasfile,false,0.0038842282059662002
