Predictor variable,Categorical,Sample average
bio1,false,245.65116279069767
bio15,false,31.162790697674417
bio16,false,938.046511627907
bio2,false,31.848837209302324
bio3,false,62.68604651162791
bio4,false,563.453488372093
bio5,false,271.3720930232558
bio6,false,221.3953488372093
biasfile,false,0.003808762091022461
