Predictor variable,Categorical,Sample average
bio1,false,246.51764705882354
bio15,false,32.03529411764706
bio16,false,942.6941176470589
bio2,false,31.611764705882354
bio3,false,61.71764705882353
bio4,false,582.7058823529412
bio5,false,272.6
bio6,false,222.16470588235293
biasfile,false,0.0037617953251088587
