Predictor variable,Categorical,Sample average
bio1,false,245.95348837209303
bio15,false,31.546511627906977
bio16,false,923.046511627907
bio2,false,32.104651162790695
bio3,false,62.36046511627907
bio4,false,576.0930232558139
bio5,false,272.09302325581393
bio6,false,221.38372093023256
biasfile,false,0.003728787522007668
