Predictor variable,Categorical,Sample average
bio1,false,244.8953488372093
bio15,false,31.941860465116278
bio16,false,932.3488372093024
bio2,false,31.61627906976744
bio3,false,61.75581395348837
bio4,false,583.9418604651163
bio5,false,270.90697674418607
bio6,false,220.54651162790697
biasfile,false,0.0036467236813921265
