Predictor variable,Categorical,Sample average
bio1,false,245.30588235294118
bio15,false,31.91764705882353
bio16,false,949.4470588235295
bio2,false,32.21176470588235
bio3,false,62.07058823529412
bio4,false,585.1058823529412
bio5,false,271.8
bio6,false,220.61176470588236
biasfile,false,0.0037359107467208933
