Predictor variable,Categorical,Sample average
bio1,false,244.71764705882353
bio15,false,31.070588235294117
bio16,false,941.1764705882352
bio2,false,31.32941176470588
bio3,false,61.6
bio4,false,580.8823529411765
bio5,false,270.52941176470586
bio6,false,220.56470588235294
biasfile,false,0.003672018792713061
