Predictor variable,Categorical,Sample average
bio1,false,245.65116279069767
bio15,false,31.988372093023255
bio16,false,940.4883720930233
bio2,false,30.872093023255815
bio3,false,61.7093023255814
bio4,false,568.0581395348837
bio5,false,270.95348837209303
bio6,false,221.82558139534885
biasfile,false,0.0036931616530975673
