Predictor variable,Categorical,Sample average
bio1,false,244.83529411764707
bio15,false,31.388235294117646
bio16,false,941.0823529411765
bio2,false,31.929411764705883
bio3,false,61.705882352941174
bio4,false,588.3529411764706
bio5,false,271.1411764705882
bio6,false,220.23529411764707
biasfile,false,0.0037555568471468767
