Predictor variable,Categorical,Sample average
bio1,false,207.74216027874564
bio15,false,92.60627177700349
bio16,false,1100.2717770034844
bio17,false,32.40766550522648
bio18,false,473.9686411149826
bio19,false,45.954703832752614
bio2,false,90.8048780487805
bio3,false,45.54355400696864
