Predictor variable,Categorical,Sample average
bio1,false,215.35714285714286
bio15,false,87.10714285714286
bio16,false,1616.8214285714287
bio17,false,22.5
bio18,false,514.2857142857143
bio19,false,23.964285714285715
bio2,false,68.03571428571429
bio3,false,47.32142857142857
biasfile,false,0.16039310096363937
