Predictor variable,Categorical,Sample average
bio1,false,216.28571428571428
bio15,false,89.32142857142857
bio16,false,1634.392857142857
bio17,false,20.785714285714285
bio18,false,489.07142857142856
bio19,false,22.357142857142858
bio2,false,68.60714285714286
bio3,false,47.142857142857146
biasfile,false,0.15192961925640702
