Predictor variable,Categorical,Sample average
bio1,false,214.89285714285714
bio15,false,89.71428571428571
bio16,false,1663.2142857142858
bio17,false,20.964285714285715
bio18,false,487.82142857142856
bio19,false,22.642857142857142
bio2,false,68.5
bio3,false,47.07142857142857
biasfile,false,0.15201057779735752
