Predictor variable,Categorical,Sample average
bio1,false,217.14814814814815
bio15,false,90.77777777777777
bio16,false,1696.4444444444443
bio17,false,19.85185185185185
bio18,false,456.3703703703704
bio19,false,21.444444444444443
bio2,false,66.25925925925925
bio3,false,47.25925925925926
biasfile,false,0.15923422098987633
