Predictor variable,Categorical,Sample average
bio1,false,216.64285714285714
bio15,false,88.78571428571429
bio16,false,1631.6785714285713
bio17,false,21.464285714285715
bio18,false,493.4642857142857
bio19,false,23.035714285714285
bio2,false,68.28571428571429
bio3,false,47.142857142857146
biasfile,false,0.15547771505745395
