Predictor variable,Categorical,Sample average
bio1,false,216.67857142857142
bio15,false,87.25
bio16,false,1599.2857142857142
bio17,false,22.321428571428573
bio18,false,510.2142857142857
bio19,false,23.714285714285715
bio2,false,67.60714285714286
bio3,false,47.25
biasfile,false,0.16026579828134604
