Predictor variable,Categorical,Sample average
bio1,false,216.46428571428572
bio15,false,86.64285714285714
bio16,false,1621.9285714285713
bio17,false,22.5
bio18,false,514.0714285714286
bio19,false,23.964285714285715
bio2,false,66.92857142857143
bio3,false,47.32142857142857
biasfile,false,0.16000858767490303
