Predictor variable,Categorical,Sample average
bio1,false,219.53571428571428
bio15,false,89.0
bio16,false,1619.4642857142858
bio17,false,21.178571428571427
bio18,false,492.14285714285717
bio19,false,22.392857142857142
bio2,false,67.5
bio3,false,47.142857142857146
biasfile,false,0.15802864164912275
