Predictor variable,Categorical,Sample average
bio1,false,215.46428571428572
bio15,false,90.39285714285714
bio16,false,1684.5357142857142
bio17,false,20.714285714285715
bio18,false,483.89285714285717
bio19,false,22.392857142857142
bio2,false,68.14285714285714
bio3,false,47.107142857142854
biasfile,false,0.15286948046247875
