Predictor variable,Categorical,Sample average
bio1,false,217.35714285714286
bio15,false,89.46428571428571
bio16,false,1630.7142857142858
bio17,false,20.892857142857142
bio18,false,478.0357142857143
bio19,false,22.428571428571427
bio2,false,68.46428571428571
bio3,false,47.17857142857143
biasfile,false,0.15651615516149572
