Predictor variable,Categorical,Sample average
bio1,false,208.33101045296166
bio15,false,93.81881533101046
bio16,false,1141.2299651567944
bio17,false,30.902439024390244
bio18,false,494.30313588850174
bio19,false,43.55400696864111
bio2,false,93.41463414634147
bio3,false,45.3205574912892
biasfile,false,0.0051408851195130015
