Predictor variable,Categorical,Sample average
bio1,false,208.16433566433565
bio15,false,93.17482517482517
bio16,false,1126.7377622377621
bio17,false,30.6993006993007
bio18,false,479.04545454545456
bio19,false,44.41258741258741
bio2,false,91.43006993006993
bio3,false,45.48251748251748
biasfile,false,0.005369729850477038
