Predictor variable,Categorical,Sample average
bio1,false,207.1118881118881
bio15,false,92.53146853146853
bio16,false,1110.118881118881
bio17,false,32.52097902097902
bio18,false,501.36713286713285
bio19,false,46.64335664335665
bio2,false,92.2867132867133
bio3,false,45.44055944055944
biasfile,false,0.0052094037200477285
