Predictor variable,Categorical,Sample average
bio1,false,208.1048951048951
bio15,false,92.94405594405595
bio16,false,1129.979020979021
bio17,false,31.18881118881119
bio18,false,487.8916083916084
bio19,false,44.97902097902098
bio2,false,92.58041958041959
bio3,false,45.48951048951049
biasfile,false,0.005247083174063127
