Predictor variable,Categorical,Sample average
bio1,false,206.86363636363637
bio15,false,91.52097902097903
bio16,false,1097.8566433566434
bio17,false,32.42657342657343
bio18,false,495.97902097902096
bio19,false,46.51398601398601
bio2,false,91.77622377622377
bio3,false,45.56293706293706
biasfile,false,0.005376582319678908
