Predictor variable,Categorical,Sample average
bio1,false,207.95804195804195
bio15,false,92.77272727272727
bio16,false,1117.6748251748252
bio17,false,31.832167832167833
bio18,false,478.73426573426576
bio19,false,45.78671328671329
bio2,false,91.04545454545455
bio3,false,45.49650349650349
biasfile,false,0.0053075262513483865
