Predictor variable,Categorical,Sample average
bio1,false,208.7177700348432
bio15,false,93.50174216027875
bio16,false,1136.1080139372823
bio17,false,31.32752613240418
bio18,false,483.57839721254356
bio19,false,44.508710801393725
bio2,false,91.54355400696865
bio3,false,45.43205574912892
biasfile,false,0.005231522916668526
