Predictor variable,Categorical,Sample average
bio1,false,208.47202797202797
bio15,false,92.8006993006993
bio16,false,1106.0839160839162
bio17,false,31.716783216783217
bio18,false,486.8531468531468
bio19,false,45.51398601398601
bio2,false,91.2867132867133
bio3,false,45.43706293706294
biasfile,false,0.005378706831528994
