Predictor variable,Categorical,Sample average
bio1,false,207.80769230769232
bio15,false,92.5944055944056
bio16,false,1108.7167832167831
bio17,false,30.8006993006993
bio18,false,498.1468531468532
bio19,false,44.48601398601399
bio2,false,93.24825174825175
bio3,false,45.39510489510489
biasfile,false,0.005245194939727133
