Predictor variable,Categorical,Sample average
bio1,false,208.15034965034965
bio15,false,92.8881118881119
bio16,false,1115.6713286713286
bio17,false,31.61888111888112
bio18,false,467.26573426573424
bio19,false,45.27622377622377
bio2,false,90.5979020979021
bio3,false,45.53496503496503
biasfile,false,0.005385432552735133
