Predictor variable,Categorical,Sample average
bio1,false,246.53571428571428
bio15,false,110.96428571428571
bio16,false,2012.392857142857
bio17,false,20.75
bio18,false,893.9642857142857
bio19,false,20.785714285714285
bio2,false,63.17857142857143
bio3,false,51.214285714285715
