Predictor variable,Categorical,Sample average
bio1,false,249.71428571428572
bio15,false,108.28571428571429
bio16,false,1961.6785714285713
bio17,false,22.214285714285715
bio18,false,928.25
bio19,false,22.214285714285715
bio2,false,60.357142857142854
bio3,false,51.285714285714285
