Predictor variable,Categorical,Sample average
bio1,false,246.5185185185185
bio15,false,111.18518518518519
bio16,false,2045.2222222222222
bio17,false,21.25925925925926
bio18,false,917.5925925925926
bio19,false,21.296296296296298
bio2,false,62.81481481481482
bio3,false,51.25925925925926
