Predictor variable,Categorical,Sample average
bio1,false,248.67857142857142
bio15,false,110.42857142857143
bio16,false,2001.5714285714287
bio17,false,20.5
bio18,false,906.5357142857143
bio19,false,20.535714285714285
bio2,false,62.357142857142854
bio3,false,51.214285714285715
