Predictor variable,Categorical,Sample average
bio1,false,236.77351916376307
bio15,false,113.92334494773519
bio16,false,1278.6864111498257
bio17,false,32.278745644599304
bio18,false,607.2682926829268
bio19,false,49.041811846689896
bio2,false,80.86062717770035
bio3,false,41.038327526132406
biasfile,false,0.0051249248689147625
