Predictor variable,Categorical,Sample average
bio1,false,236.6829268292683
bio15,false,113.95121951219512
bio16,false,1249.135888501742
bio17,false,31.463414634146343
bio18,false,595.1324041811847
bio19,false,46.41811846689895
bio2,false,81.01742160278745
bio3,false,41.31707317073171
biasfile,false,0.0052910579913230905
