Predictor variable,Categorical,Sample average
bio1,false,238.0487804878049
bio15,false,114.50871080139373
bio16,false,1281.7073170731708
bio17,false,31.4006968641115
bio18,false,605.404181184669
bio19,false,47.937282229965156
bio2,false,80.97560975609755
bio3,false,41.41114982578397
biasfile,false,0.005258402215618679
