Predictor variable,Categorical,Sample average
bio1,false,237.03135888501743
bio15,false,114.54355400696865
bio16,false,1293.3832752613241
bio17,false,31.32752613240418
bio18,false,624.0348432055749
bio19,false,46.2404181184669
bio2,false,81.25435540069687
bio3,false,41.37282229965157
biasfile,false,0.005224764166166194
