Predictor variable,Categorical,Sample average
bio1,false,237.68402777777777
bio15,false,114.34027777777777
bio16,false,1289.8993055555557
bio17,false,30.520833333333332
bio18,false,614.8576388888889
bio19,false,46.46875
bio2,false,81.09375
bio3,false,41.052083333333336
biasfile,false,0.005239331837502605
