Predictor variable,Categorical,Sample average
bio1,false,237.29965156794424
bio15,false,114.02787456445994
bio16,false,1284.02787456446
bio17,false,30.94425087108014
bio18,false,611.801393728223
bio19,false,47.77700348432056
bio2,false,80.5993031358885
bio3,false,41.19512195121951
biasfile,false,0.005244951593999521
