Predictor variable,Categorical,Sample average
bio1,false,236.34494773519162
bio15,false,113.90940766550523
bio16,false,1274.4982578397212
bio17,false,31.425087108013937
bio18,false,615.184668989547
bio19,false,48.048780487804876
bio2,false,81.18466898954703
bio3,false,40.958188153310104
biasfile,false,0.005181221312718329
