Predictor variable,Categorical,Sample average
bio1,false,237.4425087108014
bio15,false,114.66202090592334
bio16,false,1282.4947735191638
bio17,false,31.118466898954704
bio18,false,607.1080139372822
bio19,false,46.76655052264808
bio2,false,81.25783972125436
bio3,false,41.20557491289198
biasfile,false,0.0052267343529097685
