Predictor variable,Categorical,Sample average
bio1,false,236.2822299651568
bio15,false,114.85714285714286
bio16,false,1272.3519163763067
bio17,false,30.29616724738676
bio18,false,600.0209059233449
bio19,false,46.46341463414634
bio2,false,81.60975609756098
bio3,false,41.153310104529616
biasfile,false,0.00522020036936332
