Predictor variable,Categorical,Sample average
bio1,false,237.37979094076655
bio15,false,114.78745644599303
bio16,false,1294.0313588850174
bio17,false,30.418118466898953
bio18,false,620.3937282229965
bio19,false,45.24738675958188
bio2,false,80.8048780487805
bio3,false,41.397212543554005
biasfile,false,0.005331881761912724
