Predictor variable,Categorical,Sample average
bio1,false,251.83908045977012
bio15,false,45.5632183908046
bio16,false,1002.8850574712644
bio4,false,537.2528735632184
biasfile,false,0.0037917312931793944
