Predictor variable,Categorical,Sample average
bio1,false,253.05747126436782
bio15,false,46.04597701149425
bio16,false,1007.264367816092
bio4,false,543.6896551724138
biasfile,false,0.003712635656588593
