Predictor variable,Categorical,Sample average
bio1,false,252.27586206896552
bio15,false,44.95402298850575
bio16,false,975.3103448275862
bio4,false,540.8505747126437
biasfile,false,0.0036725187841428167
