Predictor variable,Categorical,Sample average
bio1,false,252.97727272727272
bio15,false,45.71590909090909
bio16,false,981.1022727272727
bio4,false,538.6022727272727
biasfile,false,0.003719685406725727
