Predictor variable,Categorical,Sample average
bio1,false,252.06896551724137
bio15,false,46.18390804597701
bio16,false,996.7931034482758
bio4,false,544.6206896551724
biasfile,false,0.0037459462751291864
