Predictor variable,Categorical,Sample average
bio1,false,251.6818181818182
bio15,false,45.97727272727273
bio16,false,991.375
bio4,false,543.5113636363636
biasfile,false,0.0038185532599031417
