Predictor variable,Categorical,Sample average
bio1,false,252.63636363636363
bio15,false,46.57954545454545
bio16,false,989.0340909090909
bio4,false,557.0113636363636
biasfile,false,0.003649934847833885
