Predictor variable,Categorical,Sample average
bio1,false,252.26436781609195
bio15,false,45.9080459770115
bio16,false,998.3448275862069
bio4,false,550.1494252873563
biasfile,false,0.0036852787822169177
