Predictor variable,Categorical,Sample average
bio1,false,253.88505747126436
bio15,false,45.03448275862069
bio16,false,987.1379310344828
bio4,false,541.1954022988506
biasfile,false,0.003650694425504162
