Predictor variable,Categorical,Sample average
bio1,false,254.54022988505747
bio15,false,47.206896551724135
bio16,false,971.6781609195402
bio4,false,552.6551724137931
biasfile,false,0.003692814389152731
