Predictor variable,Categorical,Sample average
bio1,false,222.8426966292135
bio12,false,2519.5730337078653
bio15,false,36.61797752808989
bio16,false,991.1460674157304
bio18,false,783.370786516854
bio2,false,36.91011235955056
bio3,false,61.98876404494382
bio4,false,532.7640449438202
bio5,false,248.2808988764045
bio6,false,191.56179775280899
biasfile,false,0.0037178454951388405
