Predictor variable,Categorical,Sample average
bio1,false,223.52808988764045
bio12,false,2553.932584269663
bio15,false,34.662921348314605
bio16,false,989.685393258427
bio18,false,786.4494382022472
bio2,false,35.842696629213485
bio3,false,61.86516853932584
bio4,false,519.561797752809
bio5,false,248.26966292134833
bio6,false,193.4494382022472
biasfile,false,0.003769586048170066
