Predictor variable,Categorical,Sample average
bio1,false,223.67415730337078
bio12,false,2513.247191011236
bio15,false,36.98876404494382
bio16,false,994.1123595505618
bio18,false,783.1573033707865
bio2,false,36.47191011235955
bio3,false,61.235955056179776
bio4,false,543.2247191011236
bio5,false,249.0
bio6,false,192.47191011235955
biasfile,false,0.0036491523330031863
