Predictor variable,Categorical,Sample average
bio1,false,225.2134831460674
bio12,false,2538.775280898876
bio15,false,35.86516853932584
bio16,false,999.2022471910112
bio18,false,792.3033707865169
bio2,false,35.0
bio3,false,61.04494382022472
bio4,false,518.0
bio5,false,249.47191011235955
bio6,false,195.32584269662922
biasfile,false,0.003660468337861193
