Predictor variable,Categorical,Sample average
bio1,false,249.16666666666666
bio15,false,105.53333333333333
bio16,false,1858.9
bio17,false,19.066666666666666
bio18,false,796.6666666666666
bio19,false,20.033333333333335
bio2,false,79.03333333333333
bio3,false,59.06666666666667
biasfile,false,0.14994791001081467
