Predictor variable,Categorical,Sample average
bio1,false,247.36666666666667
bio15,false,106.63333333333334
bio16,false,1870.7333333333333
bio17,false,18.733333333333334
bio18,false,799.4333333333333
bio19,false,19.7
bio2,false,80.53333333333333
bio3,false,57.9
biasfile,false,0.143313890012602
