Predictor variable,Categorical,Sample average
bio1,false,248.1
bio15,false,105.63333333333334
bio16,false,1862.2
bio17,false,19.866666666666667
bio18,false,825.1
bio19,false,20.033333333333335
bio2,false,78.9
bio3,false,58.2
biasfile,false,0.15391953140497208
