Predictor variable,Categorical,Sample average
bio1,false,245.68965517241378
bio15,false,107.72413793103448
bio16,false,1906.448275862069
bio17,false,19.482758620689655
bio18,false,818.6206896551724
bio19,false,20.482758620689655
bio2,false,80.96551724137932
bio3,false,57.6551724137931
biasfile,false,0.13923789490142774
