Predictor variable,Categorical,Sample average
bio1,false,246.16666666666666
bio15,false,107.6
bio16,false,1886.7333333333333
bio17,false,18.133333333333333
bio18,false,793.9
bio19,false,19.1
bio2,false,80.6
bio3,false,57.766666666666666
biasfile,false,0.13854369403173525
