Predictor variable,Categorical,Sample average
bio1,false,247.44827586206895
bio15,false,105.3103448275862
bio16,false,1861.1724137931035
bio17,false,20.620689655172413
bio18,false,833.6206896551724
bio19,false,21.620689655172413
bio2,false,79.20689655172414
bio3,false,58.03448275862069
biasfile,false,0.14496083050195513
