Predictor variable,Categorical,Sample average
bio1,false,247.76666666666668
bio15,false,106.5
bio16,false,1884.3
bio17,false,18.8
bio18,false,818.6666666666666
bio19,false,19.766666666666666
bio2,false,79.9
bio3,false,58.1
biasfile,false,0.14983131469537814
