Predictor variable,Categorical,Sample average
bio1,false,249.9
bio15,false,106.0
bio16,false,1913.0666666666666
bio17,false,19.633333333333333
bio18,false,850.7666666666667
bio19,false,20.6
bio2,false,79.63333333333334
bio3,false,58.2
biasfile,false,0.15152775490035614
