Predictor variable,Categorical,Sample average
bio1,false,245.9655172413793
bio15,false,105.6896551724138
bio16,false,1835.8620689655172
bio17,false,20.06896551724138
bio18,false,784.2758620689655
bio19,false,20.896551724137932
bio2,false,80.03448275862068
bio3,false,57.96551724137931
biasfile,false,0.1452086982156696
