Predictor variable,Categorical,Sample average
bio1,false,223.26966292134833
bio12,false,2549.191011235955
bio15,false,36.57303370786517
bio16,false,1002.3033707865169
bio18,false,789.0449438202247
bio2,false,35.359550561797754
bio3,false,62.38202247191011
bio4,false,518.5842696629213
bio5,false,247.77528089887642
bio6,false,193.47191011235955
biasfile,false,0.0038230663385854387
