Predictor variable,Categorical,Sample average
bio1,false,223.46067415730337
bio12,false,2533.14606741573
bio15,false,36.82022471910113
bio16,false,998.8651685393259
bio18,false,783.876404494382
bio2,false,36.13483146067416
bio3,false,60.82022471910113
bio4,false,543.8426966292135
bio5,false,248.64044943820224
bio6,false,192.3932584269663
biasfile,false,0.0036632069795303505
