Predictor variable,Categorical,Sample average
bio1,false,224.2
bio12,false,2513.4444444444443
bio15,false,36.0
bio16,false,979.2111111111111
bio18,false,788.7444444444444
bio2,false,35.81111111111111
bio3,false,62.166666666666664
bio4,false,514.3444444444444
bio5,false,248.75555555555556
bio6,false,193.86666666666667
biasfile,false,0.0037413846416812805
