Predictor variable,Categorical,Sample average
bio1,false,224.1011235955056
bio12,false,2553.1011235955057
bio15,false,36.86516853932584
bio16,false,1007.0674157303371
bio18,false,799.4269662921348
bio2,false,36.2247191011236
bio3,false,61.752808988764045
bio4,false,515.4719101123595
bio5,false,249.02247191011236
bio6,false,193.47191011235955
biasfile,false,0.0036704046288740643
