Predictor variable,Categorical,Sample average
bio1,false,236.9616724738676
bio15,false,114.68989547038328
bio16,false,1275.7386759581882
bio17,false,30.958188153310104
bio18,false,607.0592334494773
bio19,false,47.181184668989545
bio2,false,81.35191637630662
bio3,false,41.15679442508711
