Predictor variable,Categorical,Sample average
bio1,false,236.5121951219512
bio15,false,114.54703832752614
bio16,false,1277.4878048780488
bio17,false,31.33101045296167
bio18,false,614.3170731707318
bio19,false,46.64459930313589
bio2,false,81.26480836236934
bio3,false,41.00696864111498
