Predictor variable,Categorical,Sample average
bio1,false,241.49128919860627
bio14,false,6.355400696864112
bio15,false,101.82229965156795
bio16,false,1378.1602787456445
bio17,false,38.954703832752614
bio18,false,553.3344947735192
bio19,false,90.50522648083624
