Predictor variable,Categorical,Sample average
bio1,false,242.1602787456446
bio14,false,6.0
bio15,false,103.93379790940766
bio16,false,1405.0034843205574
bio17,false,37.59581881533101
bio18,false,563.8919860627178
bio19,false,88.89895470383276
