Predictor variable,Categorical,Sample average
bio1,false,241.55052264808361
bio14,false,6.45993031358885
bio15,false,102.9198606271777
bio16,false,1384.9547038327526
bio17,false,39.066202090592334
bio18,false,551.7282229965157
bio19,false,90.9198606271777
