Predictor variable,Categorical,Sample average
bio1,false,252.0
bio15,false,45.37931034482759
bio16,false,1000.448275862069
bio4,false,543.7011494252873
