Predictor variable,Categorical,Sample average
bio1,false,252.39772727272728
bio15,false,45.22727272727273
bio16,false,996.1818181818181
bio4,false,539.0340909090909
