Predictor variable,Categorical,Sample average
bio1,false,252.29885057471265
bio15,false,47.35632183908046
bio16,false,974.9655172413793
bio4,false,552.528735632184
