Predictor variable,Categorical,Sample average
bio1,false,252.05747126436782
bio15,false,45.264367816091955
bio16,false,989.4137931034483
bio4,false,548.4252873563219
