Predictor variable,Categorical,Sample average
bio1,false,252.0909090909091
bio15,false,45.64772727272727
bio16,false,993.2272727272727
bio4,false,552.3409090909091
