Predictor variable,Categorical,Sample average
bio1,false,252.64367816091954
bio15,false,46.804597701149426
bio16,false,1004.9655172413793
bio4,false,545.2528735632184
