Predictor variable,Categorical,Sample average
bio1,false,253.7471264367816
bio15,false,45.58620689655172
bio16,false,979.4942528735633
bio4,false,532.7241379310345
