Predictor variable,Categorical,Sample average
bio1,false,253.2528735632184
bio15,false,45.0919540229885
bio16,false,984.7701149425287
bio4,false,544.8850574712644
