Predictor variable,Categorical,Sample average
bio1,false,253.29545454545453
bio15,false,46.125
bio16,false,982.2727272727273
bio4,false,546.5113636363636
