Predictor variable,Categorical,Sample average
bio1,false,253.4367816091954
bio15,false,46.701149425287355
bio16,false,995.0689655172414
bio4,false,544.1494252873563
