Predictor variable,Categorical,Sample average
bio1,false,251.67857142857142
bio14,false,2.1785714285714284
bio15,false,101.32142857142857
bio16,false,2053.0714285714284
bio17,false,44.92857142857143
bio18,false,464.25
bio19,false,98.5
biasfile,false,0.1602880286185869
