Predictor variable,Categorical,Sample average
bio1,false,249.46428571428572
bio14,false,1.6785714285714286
bio15,false,105.89285714285714
bio16,false,2157.3214285714284
bio17,false,38.92857142857143
bio18,false,474.82142857142856
bio19,false,98.92857142857143
biasfile,false,0.14703526587358542
