Predictor variable,Categorical,Sample average
bio1,false,250.07142857142858
bio14,false,2.0
bio15,false,104.17857142857143
bio16,false,2082.75
bio17,false,41.642857142857146
bio18,false,487.25
bio19,false,102.14285714285714
biasfile,false,0.15952681324311666
