Predictor variable,Categorical,Sample average
bio1,false,252.85714285714286
bio14,false,2.25
bio15,false,101.14285714285714
bio16,false,2014.6785714285713
bio17,false,45.785714285714285
bio18,false,489.60714285714283
bio19,false,97.53571428571429
biasfile,false,0.1622314796383892
