Predictor variable,Categorical,Sample average
bio1,false,251.32142857142858
bio14,false,1.8214285714285714
bio15,false,106.25
bio16,false,2183.8928571428573
bio17,false,40.5
bio18,false,478.9642857142857
bio19,false,100.0
biasfile,false,0.1555364541709423
