Predictor variable,Categorical,Sample average
bio1,false,253.75
bio14,false,2.25
bio15,false,101.92857142857143
bio16,false,2041.2857142857142
bio17,false,44.785714285714285
bio18,false,484.89285714285717
bio19,false,95.92857142857143
biasfile,false,0.1585802978702954
