Predictor variable,Categorical,Sample average
bio1,false,249.57142857142858
bio14,false,2.0
bio15,false,105.64285714285714
bio16,false,2163.1785714285716
bio17,false,40.285714285714285
bio18,false,478.57142857142856
bio19,false,95.46428571428571
biasfile,false,0.15435051545500755
