Predictor variable,Categorical,Sample average
bio1,false,250.67857142857142
bio14,false,2.25
bio15,false,104.64285714285714
bio16,false,2143.8571428571427
bio17,false,43.642857142857146
bio18,false,421.2142857142857
bio19,false,100.25
biasfile,false,0.15871408162638545
