Predictor variable,Categorical,Sample average
bio1,false,251.96296296296296
bio14,false,2.111111111111111
bio15,false,103.18518518518519
bio16,false,2093.1481481481483
bio17,false,43.111111111111114
bio18,false,483.44444444444446
bio19,false,98.66666666666667
biasfile,false,0.15463834642260163
