Predictor variable,Categorical,Sample average
bio1,false,242.45644599303137
bio14,false,6.128919860627177
bio15,false,103.66898954703832
bio16,false,1379.8989547038327
bio17,false,37.52961672473867
bio18,false,551.9512195121952
bio19,false,88.01045296167247
biasfile,false,0.005111080303930966
