Predictor variable,Categorical,Sample average
bio1,false,242.05923344947735
bio14,false,6.285714285714286
bio15,false,102.70383275261324
bio16,false,1396.2439024390244
bio17,false,38.362369337979096
bio18,false,563.6655052264808
bio19,false,91.12891986062718
biasfile,false,0.005300804153887899
