Predictor variable,Categorical,Sample average
bio1,false,241.81881533101046
bio14,false,6.550522648083624
bio15,false,102.3170731707317
bio16,false,1389.871080139373
bio17,false,40.08362369337979
bio18,false,561.0348432055749
bio19,false,92.31010452961672
biasfile,false,0.005319735543146885
