Predictor variable,Categorical,Sample average
bio1,false,241.9198606271777
bio14,false,5.334494773519164
bio15,false,103.26480836236934
bio16,false,1386.993031358885
bio17,false,35.721254355400696
bio18,false,565.7700348432056
bio19,false,87.3205574912892
biasfile,false,0.005334889093772524
