Predictor variable,Categorical,Sample average
bio1,false,240.89895470383274
bio14,false,6.229965156794425
bio15,false,102.21602787456446
bio16,false,1353.4808362369338
bio17,false,38.58188153310105
bio18,false,549.0174216027874
bio19,false,90.41811846689896
biasfile,false,0.0052564160481341935
