Predictor variable,Categorical,Sample average
bio1,false,242.06944444444446
bio14,false,6.34375
bio15,false,102.59375
bio16,false,1384.3020833333333
bio17,false,38.75347222222222
bio18,false,554.7847222222222
bio19,false,90.61111111111111
biasfile,false,0.0052438008244482465
