Predictor variable,Categorical,Sample average
bio1,false,242.02787456445992
bio14,false,6.073170731707317
bio15,false,102.62020905923345
bio16,false,1357.2299651567944
bio17,false,37.99651567944251
bio18,false,559.4285714285714
bio19,false,87.91637630662021
biasfile,false,0.005146121384757684
