Predictor variable,Categorical,Sample average
bio1,false,241.0034843205575
bio14,false,6.411149825783972
bio15,false,103.0
bio16,false,1381.5087108013938
bio17,false,38.21602787456446
bio18,false,567.1358885017422
bio19,false,88.66550522648083
biasfile,false,0.005123331597462647
